<?xml version="1.0" encoding="UTF-8"?>
<project-private xmlns="http://www.netbeans.org/ns/project-private/1">
    <editor-bookmarks xmlns="http://www.netbeans.org/ns/editor-bookmarks/2" lastBookmarkId="0"/>
    <open-files xmlns="http://www.netbeans.org/ns/projectui-open-files/2">
        <group>
            <file>file:/C:/Users/Khundokar%20Nirjor/Documents/NetBeansProjects/JavaRomanNumaricGenerator/src/com/RomanNumaralGenerator/RomanNumaralGenerator.java</file>
            <file>file:/C:/Users/Khundokar%20Nirjor/Documents/NetBeansProjects/JavaRomanNumaricGenerator/src/com/RomanNumaralInterface/NumaralGenerator.java</file>
            <file>file:/C:/Users/Khundokar%20Nirjor/Documents/NetBeansProjects/JavaRomanNumaricGenerator/src/javaromannumaricgenerator/JavaRomanNumaricGenerator.java</file>
            <file>file:/C:/Users/Khundokar%20Nirjor/Documents/NetBeansProjects/JavaRomanNumaricGenerator/src/com/RomanNumaralConversion/RomanNumaralDictonary.java</file>
        </group>
    </open-files>
</project-private>
